{
    "pdf_path": "testing-pdf\\book2 (2).pdf",
    "total_pages": 8,
    "processed_date": "2025-05-23 11:44:23.543439",
    "total_regions": 41,
    "pages": [
        {
            "page_number": 1,
            "processed_date": "2025-05-23 10:52:07.382306",
            "total_regions": 3,
            "regions": [
                {
                    "region_id": 1,
                    "label": "Text",
                    "position": 0,
                    "original_bbox": [
                        1352.6532644033432,
                        228.00918817520142,
                        1437.9781794548035,
                        256.37519359588623
                    ],
                    "padded_bbox": [
                        1347,
                        223,
                        1442,
                        261
                    ],
                    "image_size": [
                        38,
                        95
                    ],
                    "ocr_text": ""
                },
                {
                    "region_id": 2,
                    "label": "TableOfContents",
                    "position": 1,
                    "original_bbox": [
                        104.03790119290352,
                        301.7058849334717,
                        1443.4609808921814,
                        2040.794690132141
                    ],
                    "padded_bbox": [
                        99,
                        296,
                        1448,
                        2045
                    ],
                    "image_size": [
                        1749,
                        1349
                    ],
                    "ocr_text": "Fig. 5.8 KLB-1 : Tunnel section below the Harappan (Period II) 47 fortification wall on the north showing two successive phases of the early Harappan (Period I) fortification wall, looking north-west Fig. 5.9 KLB-1 : Bastion on the southern side 48 KLB-1 : Part view of the bastion on the southern side Fig. 5.10 48 showing structures of different phases Fig. 5.11 KLB-1 : Close-up of batter of the wall north-western 49 corner tower Fig. 5.12 KLB-1 : Fortification wall and north-western corner bastion 51 Fig. 5.12(a) KLB-1 : Fortification wall and north-western corner bastion 51 KLB-1 : View showing the early-Harappan (Period I) Fig. 5.13 53 structures running below the salient of the Harappan (Period II) bipartite fortification-wall, looking south-east. The white band at the bottom represents the natural soil Fig. 5.14 KLB-1 : Entrance stairway leading across the bipartite 54 fortification-wall to the southern half of the citadel (Period II), looking west. The scale is placed against the northern face of the bipartite fortification-wall Fig. 5.15 KLB-1 : Passage between inner face of bipartite fortification 55 -wall and platform (in the left margin). The buttress added in the later phase of the fortification-wall can be seen in the middle distance above the scale, looking north-west Fig. 5.16 KLB-1 : A salient on bipartite fortification wall of citadel 56 (Period II), looking south-east KLB-1 : Early-Harappan fortification wall damaged by the Fig. 5.17 57 Harappan (Period II) gateway-complex (looking north-east). The figure is standing in the entrance passage Fig. 5.18 KLB-1 : Gateway on the southern side 58 Fig. 5.18(a) KLB-1 : Post-holes on the side walls of the gateway 59 Fig. 5.19 KLB-1 : Street N.S. and house blocks on either side of 71 the street Fig. 5.20 KLB-1 : House blocks in northern half of the citadel 71 Fig. 5.21 72 KLB-1 : Plan, important house complex. Fig. 5.22 KLB-1 : Group-A, Isometric Projection of an important house 73 Fig. 5.23 KLB-1 : Trench ZC-8, burnt-brick bathing platform with 75 covered drain and soak pit"
                },
                {
                    "region_id": 3,
                    "label": "Text",
                    "position": 3,
                    "original_bbox": [
                        756.557974666357,
                        2051.4998918771744,
                        791.7534060180187,
                        2078.0969792604446
                    ],
                    "padded_bbox": [
                        751,
                        2046,
                        796,
                        2083
                    ],
                    "image_size": [
                        37,
                        45
                    ],
                    "ocr_text": "VI"
                }
            ]
        },
        {
            "page_number": 2,
            "processed_date": "2025-05-23 10:57:34.002740",
            "total_regions": 8,
            "regions": [
                {
                    "region_id": 1,
                    "label": "Text",
                    "position": 0,
                    "original_bbox": [
                        323.78175097703934,
                        158.85280966758728,
                        1087.7575378417969,
                        458.2940340042114
                    ],
                    "padded_bbox": [
                        318,
                        153,
                        1092,
                        463
                    ],
                    "image_size": [
                        310,
                        774
                    ],
                    "ocr_text": "INTRODUCTION AND # A SUMMARY OF THE RESULTS & THE OF"
                },
                {
                    "region_id": 2,
                    "label": "Text",
                    "position": 1,
                    "original_bbox": [
                        169.44669865071774,
                        579.5418620109558,
                        812.2516919374466,
                        906.5450191497803
                    ],
                    "padded_bbox": [
                        164,
                        574,
                        817,
                        911
                    ],
                    "image_size": [
                        337,
                        653
                    ],
                    "ocr_text": "Ithough in the earlier report on the given a detailed account of the location of the site and its environment, it may not be out of place here to recall some of it, since we don't expect the readers to remember all that; and perhaps some of them may not have even seen the earlier report.1"
                },
                {
                    "region_id": 3,
                    "label": "Text",
                    "position": 2,
                    "original_bbox": [
                        169.1257240176201,
                        952.671217918396,
                        819.1213520765305,
                        1580.6330521702766
                    ],
                    "padded_bbox": [
                        164,
                        947,
                        824,
                        1585
                    ],
                    "image_size": [
                        638,
                        660
                    ],
                    "ocr_text": "Located on the left bank of the now- dry Ghaggar (ancient Sarasvat\u00ee) river in Hanumangarh District of Rajasthan, Kalibangan (Lat. 290 29' N; Long. 740 08' E) is one of the most important sites excavated on the Indian side of the border after Independence. As would be seen a little later, it has made some very valuable contributions to our knowledge of the Harappan Civilization (also known as the Indus/Indus-Sarasvat\u00ee Civilization). The site is about 6 km south of the nearest railway station, called Pilibangan, which lies between Hanumangarh and Suratgarh. From Delhi, it is a little over 300 km by road in a north-westerly direction (cf. Fig. 1.1)."
                },
                {
                    "region_id": 4,
                    "label": "Text",
                    "position": 3,
                    "original_bbox": [
                        838.0214892625809,
                        581.934928894043,
                        1484.0475840568542,
                        982.100772857666
                    ],
                    "padded_bbox": [
                        833,
                        576,
                        1489,
                        987
                    ],
                    "image_size": [
                        411,
                        656
                    ],
                    "ocr_text": "recent environmental change has come up because of the canal that has been laid out in the dry bed of the Ghaggar (Sarasvati). Likewise, one can well imagine that during the Harappan times when the mighty Sarasvat\u00ee itself was flowing past the site the environment must have been no less green. Indeed, the discovery of a ploughed field with criss-cross furrow marks, ascribable to the Early Harappan times,2 fully endorses such a view."
                },
                {
                    "region_id": 5,
                    "label": "Text",
                    "position": 4,
                    "original_bbox": [
                        835.3909308314323,
                        1027.4876117706299,
                        1488.996273458004,
                        1945.5663760900497
                    ],
                    "padded_bbox": [
                        830,
                        1022,
                        1493,
                        1950
                    ],
                    "image_size": [
                        928,
                        663
                    ],
                    "ocr_text": "The ancient site consists of three mounds (Fig. 4.1). Of these, the one in the middle (called KLB-2) is the largest, though it has been badly eroded on the southern side. It measures approximately 240m east-west and seems to have been not less than 360m north-south. That on the west (called KLB-1) measures roughly 240m north-south and 120m east-west. As would have been observed, the longer axis in both the cases is north-south, i.e. almost at right angles to the adjacent river, which is somewhat unusual, since normally habitations stretch along the river. Anyway, both the mounds rise to a height of approximately 10m above the surrounding plains. The third mound, named KLB-3, is a bit away to the east of KLB-2 and is very much smaller in area, approximately 70m x 50m, and only 2.5m in height. The reason for this small size of the last-named mound lies in the fact that it was not a residential complex but was used only for a limited (ritualistic) purpose."
                },
                {
                    "region_id": 6,
                    "label": "Text",
                    "position": 6,
                    "original_bbox": [
                        165.92398296296597,
                        1624.722622036934,
                        814.3448869585991,
                        1953.2283030748367
                    ],
                    "padded_bbox": [
                        160,
                        1619,
                        819,
                        1958
                    ],
                    "image_size": [
                        339,
                        659
                    ],
                    "ocr_text": "As one moves in this area, one sees during the winter season luscious fields of wheat interspersed with those of mustard, the latter welcoming the visitor by waving their lovely yellow flowers. But all this is a recent development. In the 1950s when we were exploring the area we were greeted by nothing but sand, often swirling up in the air and blinding us. The"
                },
                {
                    "region_id": 7,
                    "label": "Footnote",
                    "position": 8,
                    "original_bbox": [
                        163.714403539896,
                        2018.0397975444794,
                        1477.3361574411392,
                        2072.9446699619293
                    ],
                    "padded_bbox": [
                        158,
                        2013,
                        1482,
                        2077
                    ],
                    "image_size": [
                        64,
                        1324
                    ],
                    "ocr_text": "1 B.B. Lal, J.P. Joshi et al. 2003, Excavations at Kalibangan : The Early Harappans, New Delhi : Archaeological Survey of India."
                },
                {
                    "region_id": 8,
                    "label": "Footnote",
                    "position": 9,
                    "original_bbox": [
                        166.0745683684945,
                        2076.517245411873,
                        407.9101604819298,
                        2105.0277384519577
                    ],
                    "padded_bbox": [
                        161,
                        2071,
                        412,
                        2110
                    ],
                    "image_size": [
                        39,
                        251
                    ],
                    "ocr_text": "Ibid., pp. 95-98. 2"
                }
            ]
        },
        {
            "page_number": 3,
            "processed_date": "2025-05-23 11:03:14.161240",
            "total_regions": 4,
            "regions": [
                {
                    "region_id": 1,
                    "label": "Text",
                    "position": 0,
                    "original_bbox": [
                        716.8849967122078,
                        188.0208671092987,
                        1463.9676151871681,
                        220.11396288871765
                    ],
                    "padded_bbox": [
                        711,
                        183,
                        1468,
                        225
                    ],
                    "image_size": [
                        42,
                        757
                    ],
                    "ocr_text": "Excavations at Kalibangan - The Harappans (1960-69)"
                },
                {
                    "region_id": 2,
                    "label": "Figure",
                    "position": 1,
                    "original_bbox": [
                        131.13704207539558,
                        346.42735719680786,
                        1493.3522025346756,
                        1939.2547953128815
                    ],
                    "padded_bbox": [
                        126,
                        341,
                        1498,
                        1944
                    ],
                    "image_size": [
                        1603,
                        1372
                    ],
                    "ocr_text": "88\u00b0 72\u00b0 76\u00b0 80\u00b0 68\u00b0 84\u00b0 60\u00b0 64\u00b0 EXTENT OF 38\u00b0 THE HARAPPAN CIVILIZATION AFGHANISTA SRINAGAR PESHAWAR 100 0 200 32\u00b0 MANDA ALOWETH GUMLA REHMANDHER 32\u00b0 HPALON HARAPP DADHERIC S BHAGWANPU 28 KALIKAN DELHI 28\u00b0 V KAGENDO SOKTAKHOH I KARACHI D 2 24\u00b0 DHOLAVIRA OSURKOTAD 24\u00b0 R.NARI RANGPUR, KOLKATA ROJDI BHAGATRAV R.TAPI 20\u00b0 DAIMABAD 20\u00b0 AUMBAI ARAB IAN S El 4 16 16\u00b0 R. CHINEN BAY OF CHENNAI 12\u00b0 BENGAL 12\u00b0 Rock MODERN TOWNS I 8 8\u00b0 88\u00b0 84\u00b0 80\u00b0 72\u00b0 76\u00b0 68\u00b0",
                    "saved_path": "cropped_figures\\figure_page3_region2.png"
                },
                {
                    "region_id": 3,
                    "label": "Caption",
                    "position": 3,
                    "original_bbox": [
                        766.3834978938103,
                        2048.7808059453964,
                        854.7444943785667,
                        2073.824194550514
                    ],
                    "padded_bbox": [
                        761,
                        2043,
                        859,
                        2078
                    ],
                    "image_size": [
                        35,
                        98
                    ],
                    "ocr_text": "P \u0aa8\u0ac7 \u0a9c \ufee1 . . ."
                },
                {
                    "region_id": 4,
                    "label": "Text",
                    "position": 4,
                    "original_bbox": [
                        795.8670885264874,
                        2128.6724667549133,
                        829.9307468533516,
                        2157.438398838043
                    ],
                    "padded_bbox": [
                        790,
                        2123,
                        834,
                        2162
                    ],
                    "image_size": [
                        39,
                        44
                    ],
                    "ocr_text": ""
                }
            ]
        },
        {
            "page_number": 4,
            "processed_date": "2025-05-23 11:10:41.995132",
            "total_regions": 9,
            "regions": [
                {
                    "region_id": 1,
                    "label": "PageHeader",
                    "position": 0,
                    "original_bbox": [
                        711.1941484808922,
                        174.09000992774963,
                        1459.682348549366,
                        205.9236466884613
                    ],
                    "padded_bbox": [
                        706,
                        169,
                        1464,
                        210
                    ],
                    "image_size": [
                        41,
                        758
                    ],
                    "ocr_text": "Excavations at Kalibangan - The Harappans (1960-69)"
                },
                {
                    "region_id": 2,
                    "label": "Text",
                    "position": 1,
                    "original_bbox": [
                        148.51822963356972,
                        274.9798357486725,
                        797.6955815255642,
                        641.0968780517578
                    ],
                    "padded_bbox": [
                        143,
                        269,
                        802,
                        646
                    ],
                    "image_size": [
                        377,
                        659
                    ],
                    "ocr_text": "In yet another case, a male skeleton bore cut marks near the left knee. The size of the cut incidentally corresponds to that of the blade of an average copper axe of the Harappan period.  Perhaps in the course of a quarrel the person was hit by his adversary with an axe, as a result of which there may have been excessive bleeding and the person succumbed to the injury."
                },
                {
                    "region_id": 3,
                    "label": "Text",
                    "position": 2,
                    "original_bbox": [
                        148.89937019348145,
                        645.3439950942993,
                        797.0380956530571,
                        899.7008085250854
                    ],
                    "padded_bbox": [
                        143,
                        640,
                        802,
                        904
                    ],
                    "image_size": [
                        264,
                        659
                    ],
                    "ocr_text": "After a study of the skeletons. A.K. Sharma states that the average height of an adult male ranged between 1.55m and 1.75m and of the females between 1.45m and 1.55m. He is also of the view that life-expectancy may not have been more than 55-60 years (cf. Chapter 22)."
                },
                {
                    "region_id": 4,
                    "label": "Text",
                    "position": 3,
                    "original_bbox": [
                        149.77295024693012,
                        940.060830116272,
                        794.4142386317253,
                        1755.132255077362
                    ],
                    "padded_bbox": [
                        144,
                        935,
                        799,
                        1760
                    ],
                    "image_size": [
                        825,
                        655
                    ],
                    "ocr_text": "Like any other Harappan site, Kalibangan too yielded a rich harvest of pottery and antiquities. As regards the pottery, it may be stated that since the site was re-occupied hardly within a century of its abandonment by the Early Harappans, the lower levels of KLB-2 contained a mix-up of Early Harappan and Mature Harappan pottery. The former. however, petered out as time passed and only the latter continued.  This latter was very profuse and showed a rich variety of painted designs (Chapter 8). The antiquities included, as usual. seals, sealings, inscribed pottery, copper objects, a variety of beads, chert blades and other tools, terracotta figurines and the ubiquitous cakes, etc. All these have been described in the respective chapters. Here we may refer to just a few of them which merit special attention."
                },
                {
                    "region_id": 5,
                    "label": "Text",
                    "position": 4,
                    "original_bbox": [
                        815.1365048289299,
                        279.86016869544983,
                        1464.9102324843407,
                        859.538197517395
                    ],
                    "padded_bbox": [
                        810,
                        274,
                        1469,
                        864
                    ],
                    "image_size": [
                        590,
                        659
                    ],
                    "ocr_text": "terracotta 'tablets'.  These are thin oblong strips, well-fired. bearing in all cases the same inscription and the horn of a unicorn (Figs. 9.77-9.79). These do not bear any impressions of reed or cord on the reverse, as the normal sealings do. Thus, their purpose seems to have been altogether different. In this context, it may be added that all these came from the Citadel, more importantly from an area lying between the ritualistic platforms on the one hand and the houses to the north which may have been occupied by the priests and other elites. Could these then have some kind of special (religious?) significance?"
                },
                {
                    "region_id": 6,
                    "label": "Text",
                    "position": 5,
                    "original_bbox": [
                        816.7908462882042,
                        901.4485359191895,
                        1465.081340789795,
                        1458.4504267573357
                    ],
                    "padded_bbox": [
                        811,
                        896,
                        1470,
                        1463
                    ],
                    "image_size": [
                        567,
                        659
                    ],
                    "ocr_text": "Of the inscribed pottery there are at least two examples which deserve special attention. On these the inscriptions were engraved after firing and the noteworthy point is that the signs partially overlap. It has been observed that in all the cases concerned the sign on the right is overridden by the next one on the left. This shows that in each case the sign on the right was inscribed first and then came the one on the left. Such a disposition of the signs conclusively proves that the direction of writing in the Harappan script was from the right to the left (Figs. 9.144 and 9.148)."
                },
                {
                    "region_id": 7,
                    "label": "Text",
                    "position": 7,
                    "original_bbox": [
                        147.83188211917877,
                        1798.477101445198,
                        790.6505430936813,
                        2092.356072306633
                    ],
                    "padded_bbox": [
                        142,
                        1793,
                        795,
                        2097
                    ],
                    "image_size": [
                        304,
                        653
                    ],
                    "ocr_text": "Amongst the seals there is one which is cylindrical in shape and is engraved with an interesting scene (Fig. 9.51). At least shape-wise, though not subject-wise, it reminds us that it is unusual in a Harappan assemblage and shows West Asian contacts. Also noteworthy is the occurrence of seven"
                },
                {
                    "region_id": 8,
                    "label": "Text",
                    "position": 9,
                    "original_bbox": [
                        812.8257082700729,
                        1498.209974527359,
                        1459.9742045402527,
                        2089.248545408249
                    ],
                    "padded_bbox": [
                        807,
                        1493,
                        1464,
                        2094
                    ],
                    "image_size": [
                        601,
                        657
                    ],
                    "ocr_text": "Amongst the other objects. particularly noteworthy is a terracotta example of the linga-cum-yoni (Fig. 21.75). Although stone examples, separately of the linga and yoni, had been found at Mohenjo- daro. this is an example wherein the two go together. Two bulls, one in terracotta (Fig. 21.16) and the other in bronze (Fig. 12.15) are very good examples of Harappan art. Special attention also needs to be drawn to a terracotta kernos, with seven lamps set on the hollow ring (Fig. 21.76) - a type which, like the cylinder seal referred to earlier, is extraneous to the usual Harappan repertoire and points towards West Asian contacts."
                },
                {
                    "region_id": 9,
                    "label": "PageFooter",
                    "position": 10,
                    "original_bbox": [
                        779.5681634545326,
                        2137.0089526176453,
                        820.6878551244736,
                        2165.3708217144012
                    ],
                    "padded_bbox": [
                        774,
                        2132,
                        825,
                        2170
                    ],
                    "image_size": [
                        38,
                        51
                    ],
                    "ocr_text": ""
                }
            ]
        },
        {
            "page_number": 5,
            "processed_date": "2025-05-23 11:15:31.139421",
            "total_regions": 4,
            "regions": [
                {
                    "region_id": 1,
                    "label": "Text",
                    "position": 0,
                    "original_bbox": [
                        164.95243138074875,
                        193.26269030570984,
                        1462.0612742900848,
                        227.41547226905823
                    ],
                    "padded_bbox": [
                        159,
                        188,
                        1467,
                        232
                    ],
                    "image_size": [
                        44,
                        1308
                    ],
                    "ocr_text": "Some Thoughts on The Now-Dry River on whose Bank Stands the Site of Kalibangan"
                },
                {
                    "region_id": 2,
                    "label": "Figure",
                    "position": 1,
                    "original_bbox": [
                        153.96316489577293,
                        408.7937593460083,
                        1462.470245718956,
                        1881.8050550222397
                    ],
                    "padded_bbox": [
                        148,
                        403,
                        1467,
                        1886
                    ],
                    "image_size": [
                        1483,
                        1319
                    ],
                    "ocr_text": "System Guarl Kubha (Kabul) Krumu (Kurram)] > Mohatou Jitasia Unalum) Asikni (Chenab) GUMLA Parusni (Ravi), Gomati (Gomal) Vip\u0101s (Beas) HARAPPA Sutudri (Sutle) Sarasvati BANAWALI ALAMGIRPUR KALIBANGAN Singhu lindus) DELHI Drisadvat\u012b Computers RAKHIGARHI einumer MOHENJO-DARO KARACHI DHOLAVIRA RIGVEDIC AREA LOTHAL Vis-a-vis HARAPPAN CIVILIZATION 300 100 200 100 0 - Km. 1 SOME HARAPPAN SITES 3rd MILLENNIUM BCE",
                    "saved_path": "cropped_figures\\figure_page5_region2.png"
                },
                {
                    "region_id": 3,
                    "label": "Caption",
                    "position": 3,
                    "original_bbox": [
                        274.8935425579548,
                        1911.5809417963028,
                        1375.4042927026749,
                        1977.9205409288406
                    ],
                    "padded_bbox": [
                        269,
                        1906,
                        1380,
                        1982
                    ],
                    "image_size": [
                        76,
                        1111
                    ],
                    "ocr_text": "Fig. 2.6  Map showing a correlation between the Riquedic area and the spread of the Harappan civilization, in the 3rd millennium BCE"
                },
                {
                    "region_id": 4,
                    "label": "PageFooter",
                    "position": 4,
                    "original_bbox": [
                        790.8560595810413,
                        2159.6205958127975,
                        829.9579396247864,
                        2189.334568619728
                    ],
                    "padded_bbox": [
                        785,
                        2154,
                        834,
                        2194
                    ],
                    "image_size": [
                        40,
                        49
                    ],
                    "ocr_text": "."
                }
            ]
        },
        {
            "page_number": 6,
            "processed_date": "2025-05-23 11:29:59.381421",
            "total_regions": 5,
            "regions": [
                {
                    "region_id": 1,
                    "label": "PageHeader",
                    "position": 0,
                    "original_bbox": [
                        716.9968350827694,
                        159.394633769989,
                        1464.9279298782349,
                        194.28631067276
                    ],
                    "padded_bbox": [
                        711,
                        154,
                        1469,
                        199
                    ],
                    "image_size": [
                        45,
                        758
                    ],
                    "ocr_text": "Excavations at Kalibangan - The Harappans (1960-69)"
                },
                {
                    "region_id": 2,
                    "label": "Text",
                    "position": 1,
                    "original_bbox": [
                        151.27962309122086,
                        262.1727705001831,
                        1468.007769048214,
                        336.2520933151245
                    ],
                    "padded_bbox": [
                        146,
                        257,
                        1473,
                        341
                    ],
                    "image_size": [
                        84,
                        1327
                    ],
                    "ocr_text": "In the Table that follows all the dates are given, mentioning the level to which thev belong."
                },
                {
                    "region_id": 3,
                    "label": "Table",
                    "position": 2,
                    "original_bbox": [
                        138.4247750043869,
                        421.4306831359863,
                        1464.9080275297165,
                        2075.8501740694046
                    ],
                    "padded_bbox": [
                        133,
                        416,
                        1469,
                        2080
                    ],
                    "image_size": [
                        1664,
                        1336
                    ],
                    "ocr_text": "Calib-3 correction Strati- Sample No. Material Based on 5568- Based on 5730- graphic (1 Sigma and 2 Sigma) Year Half-life Year Half-life Level TF-599 1 Sig BCE 32 (AD80) AD223 1930\u00b1100 BP 1990\u00b1105 BP Late Inorganic AD 20\u00b1 100 40\u00b1105 BCE 2 Sig BCE 166 (AD80) AD336 fraction of animal bones TF-138 Charcoal 3075\u00b1100 BP 1 Sig BCE 1427 (1378, 1345, 1319) 1168 Late 3165\u00b1105 BP 1125\u00b1100 BCE 1215\u00b1105 BCE 2 Sig BCE 1522 (1378.1345,1319) 1014 TF-244 Charcoal 1 Sig BCE 1620 (1516) 1419 3250\u00b190BP 3340+95 BP Late 1300+90 BCE 2 Sig BCE 1737 (1516) 1316 1390+95 BCE TF-143 Wood 3510\u00b1110 BP 3615+110 Bb 1 Sig BCE 1959(1872,1840,1811, Late 1560\u00b1110 BCE 1665\u00b1110 BCE 1808, 1781) 1683 2 Sig. BCE 2135 (1872, 1840, 1811 1808, 1781)  1524 TF-946 3715\u00b1105 BP Wood 3605\u00b1100 BP Late 1 Sig BCE 2124(1940) 1778 2 Sig BCE 2271(1940) 1684 1655\u00b1100 BCE 1765\u00b1105 BCE Charcoal TF-149 Late Charcoal 1 Sig BCE 2275(2033) 1828 3675\u00b1140 BP 3780+145 BP 1725\u00b1140 BCE 1830\u00b1145 BCE 2 Sig BCE 2463(2033) 1681 3695+125 BP TF(BS)-149| Charcoal 3585+120 Bb 1 Sig BCE 2124(1919) 1747 Late 1635\u00b1120 BCE 1745\u00b1125 BCE 2 Sig BCE 2279(1919) 1621 TF-150 1 Sig BCE 2285(2137) 1976 Late Charcoal 3740\u00b1100 BP 3850+105 Bb 1790\u00b1100 BCE 1900\u00b1105 BCE 2 Sig BCE 2460(2137) 1881 TF-605 3810+105 BP 1 Sig BCE 2454(2272,2258,2204) 2043 Late Charcoal 3925+110 BP 1860+105 BCE 1975\u00b1110 BCE 2 Sig BCE 2558(2272.2258,2204) 1934 P-481 3885+70 Bb 4000\u00b175 BP 1 Sig BCE 2462(2392,2387,2337) 2202 Late Charcoal 1935\u00b170 BCE 2 Sig BCE 2560(2392, 2387, 2337) 2069 2050+75 BCE TF-153 1 Sig BCE 2558(2452,2423,2405) 2200 Late 3910+105 Bb 4025\u00b1110 BP Charcoal 2 Sig BCE 2853(2452, 2423,2405) 2038 1960\u00b1105 BCE 2075\u00b1110 BCE 1 Sig BCE 2568(2457) 2207 TF-25 4040\u00b1115 BP Late Charcoal 3930+110 BP mixed with 1980\u00b1110 BCE 2090\u00b1115 BCE 2 Sig BCE 2860 (2457) 2045 charred bone TF-942 4175\u00b1115 BP 1 Sig BCE 2864 (2575, 251 1, 2510) 2460 Charcoal 4055=110 BP Late 2 Sig BCE 2889 (2575, 251 1, 2510) 2282 2105\u00b1110 BCE 225\u00b1115 BCE Middle TF-152 Charcoal 3720\u00b190 BP 3615+85 BP 1 Sig BCE 2121 (1948) 1789 2 Sig BCE 2195 (1948)  1741 1770\u00b190 BCE 1665+85 BCE TF(BS)-152 Charcoal Middle 3675\u00b1130 BP l Sig BCE 2116 (1892) 1741 3570\u00b1125 BP 2 Sig BCE 2277 (1892) 1538 1725\u00b1130 BCE 1620\u00b1125 BCE 1 Sig BCE 2136 (1975)  1828 TF-142 3740\u00b1105 BP Middle Charcoal 3635\u00b1100 BP 2 Sig BCE 2283 (1975) 1705 1790\u00b1105 BCE 1685=100 BCE 3810\u00b1115 BP 1 Sig BCE 2275 (2124.2082,2043) 1931 Middle TF-141 3705\u00b1110 BP Charcoal 2 Sig BCE 2456 (2124,2082,2043) 1766 1860=115 BCE 1755\u00b1110 BCE",
                    "saved_path": "cropped_tables\\table_page6_region3.png"
                },
                {
                    "region_id": 4,
                    "label": "SectionHeader",
                    "position": 3,
                    "original_bbox": [
                        327.1291387975216,
                        342.93580055236816,
                        1291.410979270935,
                        378.74951362609863
                    ],
                    "padded_bbox": [
                        322,
                        337,
                        1296,
                        383
                    ],
                    "image_size": [
                        46,
                        974
                    ],
                    "ocr_text": "Table: Mature Harappan Radiocarbon Dates from Kalibangan"
                },
                {
                    "region_id": 5,
                    "label": "PageFooter",
                    "position": 5,
                    "original_bbox": [
                        774.3764881789684,
                        2132.7977142333984,
                        817.1160919368267,
                        2161.377364873886
                    ],
                    "padded_bbox": [
                        769,
                        2127,
                        822,
                        2166
                    ],
                    "image_size": [
                        39,
                        53
                    ],
                    "ocr_text": "."
                }
            ]
        },
        {
            "page_number": 7,
            "processed_date": "2025-05-23 11:36:01.841521",
            "total_regions": 4,
            "regions": [
                {
                    "region_id": 1,
                    "label": "Text",
                    "position": 0,
                    "original_bbox": [
                        83.09533725678921,
                        624.402379989624,
                        193.12964910268784,
                        1189.722490310669
                    ],
                    "padded_bbox": [
                        78,
                        619,
                        198,
                        1194
                    ],
                    "image_size": [
                        575,
                        120
                    ],
                    "ocr_text": "1 F F 6 C 1 1 C I 1 \u0153 - ( L 1"
                },
                {
                    "region_id": 2,
                    "label": "Table",
                    "position": 1,
                    "original_bbox": [
                        143.1323447227478,
                        211.35674715042114,
                        1332.5303217172623,
                        1923.4713417291641
                    ],
                    "padded_bbox": [
                        138,
                        206,
                        1337,
                        1928
                    ],
                    "image_size": [
                        1722,
                        1199
                    ],
                    "ocr_text": "PHASE-I PHASE-I PHASE-I PHASE- PHASES ESIDENTIAL AREA PHASE LAYERS 12 000000000000000000000000000000000000000000000000000000000000000000000000000000000000000000000000000000000000000000000000000000000000000000000000000000000000000000000000000000 \uc77c \ud6c4 \uc77c \uc77c 9 0 % + N W 4 \u09b0\u09cd\u09ac ABSIDENTIAL AREA I- V CORDANCE OF HARAPPAN STRATA \u0a16 l \u0d17\u0d4d\u0d35 T N \u0baa \u09ac\u09cd 0 d \u09ac d V H \u0ab7 - V li \u0cb2 \u0cb3 \u05d4\u05d7\u05d3\u05e8 CON ITUALISTIC AR T LATFORMS \u0ab7 V FORTIFICATION WALL \u0baf LAYERS \ubd80 \uc704 \uc77c \ub294 \uc6d0 \uc740 \uc774 \uc720\ub450 \uc77c \uc740 \u1793 \u1780 \u178f \u178f \u178f \u178f \u178f \u178f \u1793 N M & U O L O l PHASE- HASE- PHASES",
                    "saved_path": "cropped_tables\\table_page7_region2.png"
                },
                {
                    "region_id": 3,
                    "label": "Text",
                    "position": 2,
                    "original_bbox": [
                        97.38386549055576,
                        68.53177696466446,
                        560.1843472123146,
                        104.84082698822021
                    ],
                    "padded_bbox": [
                        92,
                        63,
                        565,
                        109
                    ],
                    "image_size": [
                        46,
                        473
                    ],
                    "ocr_text": "KLB-1 Stratigraphy and Structures"
                },
                {
                    "region_id": 4,
                    "label": "PageFooter",
                    "position": 4,
                    "original_bbox": [
                        724.0258419513702,
                        2042.579884171486,
                        767.6190910339355,
                        2067.936242580414
                    ],
                    "padded_bbox": [
                        719,
                        2037,
                        772,
                        2072
                    ],
                    "image_size": [
                        35,
                        53
                    ],
                    "ocr_text": ""
                }
            ]
        },
        {
            "page_number": 8,
            "processed_date": "2025-05-23 11:44:23.366311",
            "total_regions": 4,
            "regions": [
                {
                    "region_id": 1,
                    "label": "SectionHeader",
                    "position": 0,
                    "original_bbox": [
                        163.36052106320858,
                        181.722754240036,
                        634.9716210365295,
                        212.81223893165588
                    ],
                    "padded_bbox": [
                        158,
                        176,
                        639,
                        217
                    ],
                    "image_size": [
                        41,
                        481
                    ],
                    "ocr_text": "KLB-1 Stratigraphy and Structures"
                },
                {
                    "region_id": 2,
                    "label": "Picture",
                    "position": 1,
                    "original_bbox": [
                        157.06140312552452,
                        268.46383810043335,
                        1493.6292840242386,
                        2014.0305626392365
                    ],
                    "padded_bbox": [
                        152,
                        263,
                        1498,
                        2019
                    ],
                    "image_size": [
                        1756,
                        1346
                    ],
                    "ocr_text": "1  197 100 part \ufedf\ufee0\ufe98\ufed8\ufe8e\ufead\ufef3\ufe94 \ufe8d\ufedf\ufee4\ufe98\ufea4\ufeaa\ufe93 \ufe8d\ufedf\ufee4\ufe98\ufea4\ufeaa\ufe93 \ufe8d\ufedf\ufee4\ufe98\ufea4\ufeaa\ufe93 \ufe8d\ufedf\ufee4\ufe98\ufea4\ufeaa\ufe93 \ufe8d\ufedf\ufee4\ufe98\ufea4\ufeaa\ufe93 \ufe8d\ufedf\ufee4\ufe98\ufea4\ufeaa\ufe93 \ufe8d\ufedf\ufee4\ufe98\ufea4\ufeaa\ufe93 \ufe8d\ufedf\ufee4\ufe98\ufea4\ufeaa\ufe93 \ufe8d\ufedf\ufee4\ufe98\ufea4\ufeaa\ufe93 \ufe8d\ufedf\ufee4\ufe98\ufea4\ufeaa\ufe93 \ufe8d\ufedf\ufee4\ufe98\ufea4\ufeaa\ufe93 \ufe8d\ufedf\ufee4\ufe98\ufea4\ufeaa\ufe93 \ufe8d\ufedf\ufee4\ufe98\ufea4\ufeaa\ufe93 \ufe8d\ufedf\ufee4\ufe98\ufea4\ufeaa\ufe93 \ufe8d\ufedf\ufee4\ufe98\ufea4\ufeaa\ufe93 \ufe8d\ufedf\ufee4\ufe98\ufea4\ufeaa\ufe93 \ufe8d\ufedf\ufee4\ufe98\ufea4\ufeaa\ufe93 \ufe8d\ufedf\ufee4\ufe98\ufea4\ufeaa\ufe93 \ufe8d\ufedf\ufee4\ufe98\ufea4\ufeaa\ufe93 \ufe8d\ufedf\ufee4\ufe98\ufea4\ufeaa\ufe93 \ufe8d\ufedf\ufee4\ufe98 175 , 11, 197  1595 2 14 1 11 100 4  5 P 199 1  J 1 personal 10  . - 100  1 0 1  18 C 1 . 100 i 1"
                },
                {
                    "region_id": 3,
                    "label": "Text",
                    "position": 3,
                    "original_bbox": [
                        217.75868904590607,
                        2042.559978723526,
                        1425.1004732251167,
                        2106.733467102051
                    ],
                    "padded_bbox": [
                        212,
                        2037,
                        1430,
                        2111
                    ],
                    "image_size": [
                        74,
                        1218
                    ],
                    "ocr_text": "Fig. 5.8 KLB1 Tunnel section below the Harappan (Period II) fortification wall on the north showing two successive phases of the early Harappan (Period I) fortification wall, looking north-west"
                },
                {
                    "region_id": 4,
                    "label": "PageFooter",
                    "position": 4,
                    "original_bbox": [
                        798.4033028483391,
                        2147.942071557045,
                        841.9328919053078,
                        2179.23656642437
                    ],
                    "padded_bbox": [
                        793,
                        2142,
                        846,
                        2184
                    ],
                    "image_size": [
                        42,
                        53
                    ],
                    "ocr_text": ". ."
                }
            ]
        }
    ]
}