{
    "type": "figures",
    "pdf_path": "testing-pdf\\book2 (2).pdf",
    "total_pages": 8,
    "processed_date": "2025-05-23 12:30:07.016813",
    "total_regions": 3,
    "pages": [
        {
            "page_number": 3,
            "processed_date": "2025-05-23 11:03:14.161240",
            "regions": [
                {
                    "region_id": 2,
                    "label": "Figure",
                    "position": 1,
                    "original_bbox": [
                        131.13704207539558,
                        346.42735719680786,
                        1493.3522025346756,
                        1939.2547953128815
                    ],
                    "padded_bbox": [
                        126,
                        341,
                        1498,
                        1944
                    ],
                    "image_size": [
                        1603,
                        1372
                    ],
                    "ocr_text": "88\u00b0 72\u00b0 76\u00b0 80\u00b0 68\u00b0 84\u00b0 60\u00b0 64\u00b0 EXTENT OF 38\u00b0 THE HARAPPAN CIVILIZATION AFGHANISTA SRINAGAR PESHAWAR 100 0 200 32\u00b0 MANDA ALOWETH GUMLA REHMANDHER 32\u00b0 HPALON HARAPP DADHERIC S BHAGWANPU 28 KALIKAN DELHI 28\u00b0 V KAGENDO SOKTAKHOH I KARACHI D 2 24\u00b0 DHOLAVIRA OSURKOTAD 24\u00b0 R.NARI RANGPUR, KOLKATA ROJDI BHAGATRAV R.TAPI 20\u00b0 DAIMABAD 20\u00b0 AUMBAI ARAB IAN S El 4 16 16\u00b0 R. CHINEN BAY OF CHENNAI 12\u00b0 BENGAL 12\u00b0 Rock MODERN TOWNS I 8 8\u00b0 88\u00b0 84\u00b0 80\u00b0 72\u00b0 76\u00b0 68\u00b0",
                    "saved_path": "cropped_figures\\figure_page3_region2.png"
                }
            ]
        },
        {
            "page_number": 5,
            "processed_date": "2025-05-23 11:15:31.139421",
            "regions": [
                {
                    "region_id": 2,
                    "label": "Figure",
                    "position": 1,
                    "original_bbox": [
                        153.96316489577293,
                        408.7937593460083,
                        1462.470245718956,
                        1881.8050550222397
                    ],
                    "padded_bbox": [
                        148,
                        403,
                        1467,
                        1886
                    ],
                    "image_size": [
                        1483,
                        1319
                    ],
                    "ocr_text": "System Guarl Kubha (Kabul) Krumu (Kurram)] > Mohatou Jitasia Unalum) Asikni (Chenab) GUMLA Parusni (Ravi), Gomati (Gomal) Vip\u0101s (Beas) HARAPPA Sutudri (Sutle) Sarasvati BANAWALI ALAMGIRPUR KALIBANGAN Singhu lindus) DELHI Drisadvat\u012b Computers RAKHIGARHI einumer MOHENJO-DARO KARACHI DHOLAVIRA RIGVEDIC AREA LOTHAL Vis-a-vis HARAPPAN CIVILIZATION 300 100 200 100 0 - Km. 1 SOME HARAPPAN SITES 3rd MILLENNIUM BCE",
                    "saved_path": "cropped_figures\\figure_page5_region2.png"
                }
            ]
        },
        {
            "page_number": 8,
            "processed_date": "2025-05-23 11:44:23.366311",
            "regions": [
                {
                    "region_id": 2,
                    "label": "Picture",
                    "position": 1,
                    "original_bbox": [
                        157.06140312552452,
                        268.46383810043335,
                        1493.6292840242386,
                        2014.0305626392365
                    ],
                    "padded_bbox": [
                        152,
                        263,
                        1498,
                        2019
                    ],
                    "image_size": [
                        1756,
                        1346
                    ],
                    "ocr_text": "1  197 100 part \ufedf\ufee0\ufe98\ufed8\ufe8e\ufead\ufef3\ufe94 \ufe8d\ufedf\ufee4\ufe98\ufea4\ufeaa\ufe93 \ufe8d\ufedf\ufee4\ufe98\ufea4\ufeaa\ufe93 \ufe8d\ufedf\ufee4\ufe98\ufea4\ufeaa\ufe93 \ufe8d\ufedf\ufee4\ufe98\ufea4\ufeaa\ufe93 \ufe8d\ufedf\ufee4\ufe98\ufea4\ufeaa\ufe93 \ufe8d\ufedf\ufee4\ufe98\ufea4\ufeaa\ufe93 \ufe8d\ufedf\ufee4\ufe98\ufea4\ufeaa\ufe93 \ufe8d\ufedf\ufee4\ufe98\ufea4\ufeaa\ufe93 \ufe8d\ufedf\ufee4\ufe98\ufea4\ufeaa\ufe93 \ufe8d\ufedf\ufee4\ufe98\ufea4\ufeaa\ufe93 \ufe8d\ufedf\ufee4\ufe98\ufea4\ufeaa\ufe93 \ufe8d\ufedf\ufee4\ufe98\ufea4\ufeaa\ufe93 \ufe8d\ufedf\ufee4\ufe98\ufea4\ufeaa\ufe93 \ufe8d\ufedf\ufee4\ufe98\ufea4\ufeaa\ufe93 \ufe8d\ufedf\ufee4\ufe98\ufea4\ufeaa\ufe93 \ufe8d\ufedf\ufee4\ufe98\ufea4\ufeaa\ufe93 \ufe8d\ufedf\ufee4\ufe98\ufea4\ufeaa\ufe93 \ufe8d\ufedf\ufee4\ufe98\ufea4\ufeaa\ufe93 \ufe8d\ufedf\ufee4\ufe98\ufea4\ufeaa\ufe93 \ufe8d\ufedf\ufee4\ufe98\ufea4\ufeaa\ufe93 \ufe8d\ufedf\ufee4\ufe98 175 , 11, 197  1595 2 14 1 11 100 4  5 P 199 1  J 1 personal 10  . - 100  1 0 1  18 C 1 . 100 i 1"
                }
            ]
        }
    ]
}