{
    "page_number": 3,
    "processed_date": "2025-05-23 11:03:14.161240",
    "total_regions": 4,
    "regions": [
        {
            "region_id": 1,
            "label": "Text",
            "position": 0,
            "original_bbox": [
                716.8849967122078,
                188.0208671092987,
                1463.9676151871681,
                220.11396288871765
            ],
            "padded_bbox": [
                711,
                183,
                1468,
                225
            ],
            "image_size": [
                42,
                757
            ],
            "ocr_text": "Excavations at Kalibangan - The Harappans (1960-69)"
        },
        {
            "region_id": 2,
            "label": "Figure",
            "position": 1,
            "original_bbox": [
                131.13704207539558,
                346.42735719680786,
                1493.3522025346756,
                1939.2547953128815
            ],
            "padded_bbox": [
                126,
                341,
                1498,
                1944
            ],
            "image_size": [
                1603,
                1372
            ],
            "ocr_text": "88\u00b0 72\u00b0 76\u00b0 80\u00b0 68\u00b0 84\u00b0 60\u00b0 64\u00b0 EXTENT OF 38\u00b0 THE HARAPPAN CIVILIZATION AFGHANISTA SRINAGAR PESHAWAR 100 0 200 32\u00b0 MANDA ALOWETH GUMLA REHMANDHER 32\u00b0 HPALON HARAPP DADHERIC S BHAGWANPU 28 KALIKAN DELHI 28\u00b0 V KAGENDO SOKTAKHOH I KARACHI D 2 24\u00b0 DHOLAVIRA OSURKOTAD 24\u00b0 R.NARI RANGPUR, KOLKATA ROJDI BHAGATRAV R.TAPI 20\u00b0 DAIMABAD 20\u00b0 AUMBAI ARAB IAN S El 4 16 16\u00b0 R. CHINEN BAY OF CHENNAI 12\u00b0 BENGAL 12\u00b0 Rock MODERN TOWNS I 8 8\u00b0 88\u00b0 84\u00b0 80\u00b0 72\u00b0 76\u00b0 68\u00b0",
            "saved_path": "cropped_figures\\figure_page3_region2.png"
        },
        {
            "region_id": 3,
            "label": "Caption",
            "position": 3,
            "original_bbox": [
                766.3834978938103,
                2048.7808059453964,
                854.7444943785667,
                2073.824194550514
            ],
            "padded_bbox": [
                761,
                2043,
                859,
                2078
            ],
            "image_size": [
                35,
                98
            ],
            "ocr_text": "P \u0aa8\u0ac7 \u0a9c \ufee1 . . ."
        },
        {
            "region_id": 4,
            "label": "Text",
            "position": 4,
            "original_bbox": [
                795.8670885264874,
                2128.6724667549133,
                829.9307468533516,
                2157.438398838043
            ],
            "padded_bbox": [
                790,
                2123,
                834,
                2162
            ],
            "image_size": [
                39,
                44
            ],
            "ocr_text": ""
        }
    ]
}