{
    "page_number": 5,
    "processed_date": "2025-05-23 11:15:31.139421",
    "total_regions": 4,
    "regions": [
        {
            "region_id": 1,
            "label": "Text",
            "position": 0,
            "original_bbox": [
                164.95243138074875,
                193.26269030570984,
                1462.0612742900848,
                227.41547226905823
            ],
            "padded_bbox": [
                159,
                188,
                1467,
                232
            ],
            "image_size": [
                44,
                1308
            ],
            "ocr_text": "Some Thoughts on The Now-Dry River on whose Bank Stands the Site of Kalibangan"
        },
        {
            "region_id": 2,
            "label": "Figure",
            "position": 1,
            "original_bbox": [
                153.96316489577293,
                408.7937593460083,
                1462.470245718956,
                1881.8050550222397
            ],
            "padded_bbox": [
                148,
                403,
                1467,
                1886
            ],
            "image_size": [
                1483,
                1319
            ],
            "ocr_text": "System Guarl Kubha (Kabul) Krumu (Kurram)] > Mohatou Jitasia Unalum) Asikni (Chenab) GUMLA Parusni (Ravi), Gomati (Gomal) Vip\u0101s (Beas) HARAPPA Sutudri (Sutle) Sarasvati BANAWALI ALAMGIRPUR KALIBANGAN Singhu lindus) DELHI Drisadvat\u012b Computers RAKHIGARHI einumer MOHENJO-DARO KARACHI DHOLAVIRA RIGVEDIC AREA LOTHAL Vis-a-vis HARAPPAN CIVILIZATION 300 100 200 100 0 - Km. 1 SOME HARAPPAN SITES 3rd MILLENNIUM BCE",
            "saved_path": "cropped_figures\\figure_page5_region2.png"
        },
        {
            "region_id": 3,
            "label": "Caption",
            "position": 3,
            "original_bbox": [
                274.8935425579548,
                1911.5809417963028,
                1375.4042927026749,
                1977.9205409288406
            ],
            "padded_bbox": [
                269,
                1906,
                1380,
                1982
            ],
            "image_size": [
                76,
                1111
            ],
            "ocr_text": "Fig. 2.6  Map showing a correlation between the Riquedic area and the spread of the Harappan civilization, in the 3rd millennium BCE"
        },
        {
            "region_id": 4,
            "label": "PageFooter",
            "position": 4,
            "original_bbox": [
                790.8560595810413,
                2159.6205958127975,
                829.9579396247864,
                2189.334568619728
            ],
            "padded_bbox": [
                785,
                2154,
                834,
                2194
            ],
            "image_size": [
                40,
                49
            ],
            "ocr_text": "."
        }
    ]
}