{
    "page_number": 6,
    "processed_date": "2025-05-23 11:29:59.381421",
    "total_regions": 5,
    "regions": [
        {
            "region_id": 1,
            "label": "PageHeader",
            "position": 0,
            "original_bbox": [
                716.9968350827694,
                159.394633769989,
                1464.9279298782349,
                194.28631067276
            ],
            "padded_bbox": [
                711,
                154,
                1469,
                199
            ],
            "image_size": [
                45,
                758
            ],
            "ocr_text": "Excavations at Kalibangan - The Harappans (1960-69)"
        },
        {
            "region_id": 2,
            "label": "Text",
            "position": 1,
            "original_bbox": [
                151.27962309122086,
                262.1727705001831,
                1468.007769048214,
                336.2520933151245
            ],
            "padded_bbox": [
                146,
                257,
                1473,
                341
            ],
            "image_size": [
                84,
                1327
            ],
            "ocr_text": "In the Table that follows all the dates are given, mentioning the level to which thev belong."
        },
        {
            "region_id": 3,
            "label": "Table",
            "position": 2,
            "original_bbox": [
                138.4247750043869,
                421.4306831359863,
                1464.9080275297165,
                2075.8501740694046
            ],
            "padded_bbox": [
                133,
                416,
                1469,
                2080
            ],
            "image_size": [
                1664,
                1336
            ],
            "ocr_text": "Calib-3 correction Strati- Sample No. Material Based on 5568- Based on 5730- graphic (1 Sigma and 2 Sigma) Year Half-life Year Half-life Level TF-599 1 Sig BCE 32 (AD80) AD223 1930\u00b1100 BP 1990\u00b1105 BP Late Inorganic AD 20\u00b1 100 40\u00b1105 BCE 2 Sig BCE 166 (AD80) AD336 fraction of animal bones TF-138 Charcoal 3075\u00b1100 BP 1 Sig BCE 1427 (1378, 1345, 1319) 1168 Late 3165\u00b1105 BP 1125\u00b1100 BCE 1215\u00b1105 BCE 2 Sig BCE 1522 (1378.1345,1319) 1014 TF-244 Charcoal 1 Sig BCE 1620 (1516) 1419 3250\u00b190BP 3340+95 BP Late 1300+90 BCE 2 Sig BCE 1737 (1516) 1316 1390+95 BCE TF-143 Wood 3510\u00b1110 BP 3615+110 Bb 1 Sig BCE 1959(1872,1840,1811, Late 1560\u00b1110 BCE 1665\u00b1110 BCE 1808, 1781) 1683 2 Sig. BCE 2135 (1872, 1840, 1811 1808, 1781)  1524 TF-946 3715\u00b1105 BP Wood 3605\u00b1100 BP Late 1 Sig BCE 2124(1940) 1778 2 Sig BCE 2271(1940) 1684 1655\u00b1100 BCE 1765\u00b1105 BCE Charcoal TF-149 Late Charcoal 1 Sig BCE 2275(2033) 1828 3675\u00b1140 BP 3780+145 BP 1725\u00b1140 BCE 1830\u00b1145 BCE 2 Sig BCE 2463(2033) 1681 3695+125 BP TF(BS)-149| Charcoal 3585+120 Bb 1 Sig BCE 2124(1919) 1747 Late 1635\u00b1120 BCE 1745\u00b1125 BCE 2 Sig BCE 2279(1919) 1621 TF-150 1 Sig BCE 2285(2137) 1976 Late Charcoal 3740\u00b1100 BP 3850+105 Bb 1790\u00b1100 BCE 1900\u00b1105 BCE 2 Sig BCE 2460(2137) 1881 TF-605 3810+105 BP 1 Sig BCE 2454(2272,2258,2204) 2043 Late Charcoal 3925+110 BP 1860+105 BCE 1975\u00b1110 BCE 2 Sig BCE 2558(2272.2258,2204) 1934 P-481 3885+70 Bb 4000\u00b175 BP 1 Sig BCE 2462(2392,2387,2337) 2202 Late Charcoal 1935\u00b170 BCE 2 Sig BCE 2560(2392, 2387, 2337) 2069 2050+75 BCE TF-153 1 Sig BCE 2558(2452,2423,2405) 2200 Late 3910+105 Bb 4025\u00b1110 BP Charcoal 2 Sig BCE 2853(2452, 2423,2405) 2038 1960\u00b1105 BCE 2075\u00b1110 BCE 1 Sig BCE 2568(2457) 2207 TF-25 4040\u00b1115 BP Late Charcoal 3930+110 BP mixed with 1980\u00b1110 BCE 2090\u00b1115 BCE 2 Sig BCE 2860 (2457) 2045 charred bone TF-942 4175\u00b1115 BP 1 Sig BCE 2864 (2575, 251 1, 2510) 2460 Charcoal 4055=110 BP Late 2 Sig BCE 2889 (2575, 251 1, 2510) 2282 2105\u00b1110 BCE 225\u00b1115 BCE Middle TF-152 Charcoal 3720\u00b190 BP 3615+85 BP 1 Sig BCE 2121 (1948) 1789 2 Sig BCE 2195 (1948)  1741 1770\u00b190 BCE 1665+85 BCE TF(BS)-152 Charcoal Middle 3675\u00b1130 BP l Sig BCE 2116 (1892) 1741 3570\u00b1125 BP 2 Sig BCE 2277 (1892) 1538 1725\u00b1130 BCE 1620\u00b1125 BCE 1 Sig BCE 2136 (1975)  1828 TF-142 3740\u00b1105 BP Middle Charcoal 3635\u00b1100 BP 2 Sig BCE 2283 (1975) 1705 1790\u00b1105 BCE 1685=100 BCE 3810\u00b1115 BP 1 Sig BCE 2275 (2124.2082,2043) 1931 Middle TF-141 3705\u00b1110 BP Charcoal 2 Sig BCE 2456 (2124,2082,2043) 1766 1860=115 BCE 1755\u00b1110 BCE",
            "saved_path": "cropped_tables\\table_page6_region3.png"
        },
        {
            "region_id": 4,
            "label": "SectionHeader",
            "position": 3,
            "original_bbox": [
                327.1291387975216,
                342.93580055236816,
                1291.410979270935,
                378.74951362609863
            ],
            "padded_bbox": [
                322,
                337,
                1296,
                383
            ],
            "image_size": [
                46,
                974
            ],
            "ocr_text": "Table: Mature Harappan Radiocarbon Dates from Kalibangan"
        },
        {
            "region_id": 5,
            "label": "PageFooter",
            "position": 5,
            "original_bbox": [
                774.3764881789684,
                2132.7977142333984,
                817.1160919368267,
                2161.377364873886
            ],
            "padded_bbox": [
                769,
                2127,
                822,
                2166
            ],
            "image_size": [
                39,
                53
            ],
            "ocr_text": "."
        }
    ]
}