{
    "page_number": 8,
    "processed_date": "2025-05-23 11:44:23.366311",
    "total_regions": 4,
    "regions": [
        {
            "region_id": 1,
            "label": "SectionHeader",
            "position": 0,
            "original_bbox": [
                163.36052106320858,
                181.722754240036,
                634.9716210365295,
                212.81223893165588
            ],
            "padded_bbox": [
                158,
                176,
                639,
                217
            ],
            "image_size": [
                41,
                481
            ],
            "ocr_text": "KLB-1 Stratigraphy and Structures"
        },
        {
            "region_id": 2,
            "label": "Picture",
            "position": 1,
            "original_bbox": [
                157.06140312552452,
                268.46383810043335,
                1493.6292840242386,
                2014.0305626392365
            ],
            "padded_bbox": [
                152,
                263,
                1498,
                2019
            ],
            "image_size": [
                1756,
                1346
            ],
            "ocr_text": "1  197 100 part \ufedf\ufee0\ufe98\ufed8\ufe8e\ufead\ufef3\ufe94 \ufe8d\ufedf\ufee4\ufe98\ufea4\ufeaa\ufe93 \ufe8d\ufedf\ufee4\ufe98\ufea4\ufeaa\ufe93 \ufe8d\ufedf\ufee4\ufe98\ufea4\ufeaa\ufe93 \ufe8d\ufedf\ufee4\ufe98\ufea4\ufeaa\ufe93 \ufe8d\ufedf\ufee4\ufe98\ufea4\ufeaa\ufe93 \ufe8d\ufedf\ufee4\ufe98\ufea4\ufeaa\ufe93 \ufe8d\ufedf\ufee4\ufe98\ufea4\ufeaa\ufe93 \ufe8d\ufedf\ufee4\ufe98\ufea4\ufeaa\ufe93 \ufe8d\ufedf\ufee4\ufe98\ufea4\ufeaa\ufe93 \ufe8d\ufedf\ufee4\ufe98\ufea4\ufeaa\ufe93 \ufe8d\ufedf\ufee4\ufe98\ufea4\ufeaa\ufe93 \ufe8d\ufedf\ufee4\ufe98\ufea4\ufeaa\ufe93 \ufe8d\ufedf\ufee4\ufe98\ufea4\ufeaa\ufe93 \ufe8d\ufedf\ufee4\ufe98\ufea4\ufeaa\ufe93 \ufe8d\ufedf\ufee4\ufe98\ufea4\ufeaa\ufe93 \ufe8d\ufedf\ufee4\ufe98\ufea4\ufeaa\ufe93 \ufe8d\ufedf\ufee4\ufe98\ufea4\ufeaa\ufe93 \ufe8d\ufedf\ufee4\ufe98\ufea4\ufeaa\ufe93 \ufe8d\ufedf\ufee4\ufe98\ufea4\ufeaa\ufe93 \ufe8d\ufedf\ufee4\ufe98\ufea4\ufeaa\ufe93 \ufe8d\ufedf\ufee4\ufe98 175 , 11, 197  1595 2 14 1 11 100 4  5 P 199 1  J 1 personal 10  . - 100  1 0 1  18 C 1 . 100 i 1"
        },
        {
            "region_id": 3,
            "label": "Text",
            "position": 3,
            "original_bbox": [
                217.75868904590607,
                2042.559978723526,
                1425.1004732251167,
                2106.733467102051
            ],
            "padded_bbox": [
                212,
                2037,
                1430,
                2111
            ],
            "image_size": [
                74,
                1218
            ],
            "ocr_text": "Fig. 5.8 KLB1 Tunnel section below the Harappan (Period II) fortification wall on the north showing two successive phases of the early Harappan (Period I) fortification wall, looking north-west"
        },
        {
            "region_id": 4,
            "label": "PageFooter",
            "position": 4,
            "original_bbox": [
                798.4033028483391,
                2147.942071557045,
                841.9328919053078,
                2179.23656642437
            ],
            "padded_bbox": [
                793,
                2142,
                846,
                2184
            ],
            "image_size": [
                42,
                53
            ],
            "ocr_text": ". ."
        }
    ]
}