{
    "page_number": 2,
    "processed_date": "2025-05-23 10:57:34.002740",
    "total_regions": 8,
    "regions": [
        {
            "region_id": 1,
            "label": "Text",
            "position": 0,
            "original_bbox": [
                323.78175097703934,
                158.85280966758728,
                1087.7575378417969,
                458.2940340042114
            ],
            "padded_bbox": [
                318,
                153,
                1092,
                463
            ],
            "image_size": [
                310,
                774
            ],
            "ocr_text": "INTRODUCTION AND # A SUMMARY OF THE RESULTS & THE OF"
        },
        {
            "region_id": 2,
            "label": "Text",
            "position": 1,
            "original_bbox": [
                169.44669865071774,
                579.5418620109558,
                812.2516919374466,
                906.5450191497803
            ],
            "padded_bbox": [
                164,
                574,
                817,
                911
            ],
            "image_size": [
                337,
                653
            ],
            "ocr_text": "Ithough in the earlier report on the given a detailed account of the location of the site and its environment, it may not be out of place here to recall some of it, since we don't expect the readers to remember all that; and perhaps some of them may not have even seen the earlier report.1"
        },
        {
            "region_id": 3,
            "label": "Text",
            "position": 2,
            "original_bbox": [
                169.1257240176201,
                952.671217918396,
                819.1213520765305,
                1580.6330521702766
            ],
            "padded_bbox": [
                164,
                947,
                824,
                1585
            ],
            "image_size": [
                638,
                660
            ],
            "ocr_text": "Located on the left bank of the now- dry Ghaggar (ancient Sarasvat\u00ee) river in Hanumangarh District of Rajasthan, Kalibangan (Lat. 290 29' N; Long. 740 08' E) is one of the most important sites excavated on the Indian side of the border after Independence. As would be seen a little later, it has made some very valuable contributions to our knowledge of the Harappan Civilization (also known as the Indus/Indus-Sarasvat\u00ee Civilization). The site is about 6 km south of the nearest railway station, called Pilibangan, which lies between Hanumangarh and Suratgarh. From Delhi, it is a little over 300 km by road in a north-westerly direction (cf. Fig. 1.1)."
        },
        {
            "region_id": 4,
            "label": "Text",
            "position": 3,
            "original_bbox": [
                838.0214892625809,
                581.934928894043,
                1484.0475840568542,
                982.100772857666
            ],
            "padded_bbox": [
                833,
                576,
                1489,
                987
            ],
            "image_size": [
                411,
                656
            ],
            "ocr_text": "recent environmental change has come up because of the canal that has been laid out in the dry bed of the Ghaggar (Sarasvati). Likewise, one can well imagine that during the Harappan times when the mighty Sarasvat\u00ee itself was flowing past the site the environment must have been no less green. Indeed, the discovery of a ploughed field with criss-cross furrow marks, ascribable to the Early Harappan times,2 fully endorses such a view."
        },
        {
            "region_id": 5,
            "label": "Text",
            "position": 4,
            "original_bbox": [
                835.3909308314323,
                1027.4876117706299,
                1488.996273458004,
                1945.5663760900497
            ],
            "padded_bbox": [
                830,
                1022,
                1493,
                1950
            ],
            "image_size": [
                928,
                663
            ],
            "ocr_text": "The ancient site consists of three mounds (Fig. 4.1). Of these, the one in the middle (called KLB-2) is the largest, though it has been badly eroded on the southern side. It measures approximately 240m east-west and seems to have been not less than 360m north-south. That on the west (called KLB-1) measures roughly 240m north-south and 120m east-west. As would have been observed, the longer axis in both the cases is north-south, i.e. almost at right angles to the adjacent river, which is somewhat unusual, since normally habitations stretch along the river. Anyway, both the mounds rise to a height of approximately 10m above the surrounding plains. The third mound, named KLB-3, is a bit away to the east of KLB-2 and is very much smaller in area, approximately 70m x 50m, and only 2.5m in height. The reason for this small size of the last-named mound lies in the fact that it was not a residential complex but was used only for a limited (ritualistic) purpose."
        },
        {
            "region_id": 6,
            "label": "Text",
            "position": 6,
            "original_bbox": [
                165.92398296296597,
                1624.722622036934,
                814.3448869585991,
                1953.2283030748367
            ],
            "padded_bbox": [
                160,
                1619,
                819,
                1958
            ],
            "image_size": [
                339,
                659
            ],
            "ocr_text": "As one moves in this area, one sees during the winter season luscious fields of wheat interspersed with those of mustard, the latter welcoming the visitor by waving their lovely yellow flowers. But all this is a recent development. In the 1950s when we were exploring the area we were greeted by nothing but sand, often swirling up in the air and blinding us. The"
        },
        {
            "region_id": 7,
            "label": "Footnote",
            "position": 8,
            "original_bbox": [
                163.714403539896,
                2018.0397975444794,
                1477.3361574411392,
                2072.9446699619293
            ],
            "padded_bbox": [
                158,
                2013,
                1482,
                2077
            ],
            "image_size": [
                64,
                1324
            ],
            "ocr_text": "1 B.B. Lal, J.P. Joshi et al. 2003, Excavations at Kalibangan : The Early Harappans, New Delhi : Archaeological Survey of India."
        },
        {
            "region_id": 8,
            "label": "Footnote",
            "position": 9,
            "original_bbox": [
                166.0745683684945,
                2076.517245411873,
                407.9101604819298,
                2105.0277384519577
            ],
            "padded_bbox": [
                161,
                2071,
                412,
                2110
            ],
            "image_size": [
                39,
                251
            ],
            "ocr_text": "Ibid., pp. 95-98. 2"
        }
    ]
}