{
    "page_number": 7,
    "processed_date": "2025-05-23 11:36:01.841521",
    "total_regions": 4,
    "regions": [
        {
            "region_id": 1,
            "label": "Text",
            "position": 0,
            "original_bbox": [
                83.09533725678921,
                624.402379989624,
                193.12964910268784,
                1189.722490310669
            ],
            "padded_bbox": [
                78,
                619,
                198,
                1194
            ],
            "image_size": [
                575,
                120
            ],
            "ocr_text": "1 F F 6 C 1 1 C I 1 \u0153 - ( L 1"
        },
        {
            "region_id": 2,
            "label": "Table",
            "position": 1,
            "original_bbox": [
                143.1323447227478,
                211.35674715042114,
                1332.5303217172623,
                1923.4713417291641
            ],
            "padded_bbox": [
                138,
                206,
                1337,
                1928
            ],
            "image_size": [
                1722,
                1199
            ],
            "ocr_text": "PHASE-I PHASE-I PHASE-I PHASE- PHASES ESIDENTIAL AREA PHASE LAYERS 12 000000000000000000000000000000000000000000000000000000000000000000000000000000000000000000000000000000000000000000000000000000000000000000000000000000000000000000000000000000 \uc77c \ud6c4 \uc77c \uc77c 9 0 % + N W 4 \u09b0\u09cd\u09ac ABSIDENTIAL AREA I- V CORDANCE OF HARAPPAN STRATA \u0a16 l \u0d17\u0d4d\u0d35 T N \u0baa \u09ac\u09cd 0 d \u09ac d V H \u0ab7 - V li \u0cb2 \u0cb3 \u05d4\u05d7\u05d3\u05e8 CON ITUALISTIC AR T LATFORMS \u0ab7 V FORTIFICATION WALL \u0baf LAYERS \ubd80 \uc704 \uc77c \ub294 \uc6d0 \uc740 \uc774 \uc720\ub450 \uc77c \uc740 \u1793 \u1780 \u178f \u178f \u178f \u178f \u178f \u178f \u1793 N M & U O L O l PHASE- HASE- PHASES",
            "saved_path": "cropped_tables\\table_page7_region2.png"
        },
        {
            "region_id": 3,
            "label": "Text",
            "position": 2,
            "original_bbox": [
                97.38386549055576,
                68.53177696466446,
                560.1843472123146,
                104.84082698822021
            ],
            "padded_bbox": [
                92,
                63,
                565,
                109
            ],
            "image_size": [
                46,
                473
            ],
            "ocr_text": "KLB-1 Stratigraphy and Structures"
        },
        {
            "region_id": 4,
            "label": "PageFooter",
            "position": 4,
            "original_bbox": [
                724.0258419513702,
                2042.579884171486,
                767.6190910339355,
                2067.936242580414
            ],
            "padded_bbox": [
                719,
                2037,
                772,
                2072
            ],
            "image_size": [
                35,
                53
            ],
            "ocr_text": ""
        }
    ]
}