{
    "page_number": 4,
    "processed_date": "2025-05-23 11:10:41.995132",
    "total_regions": 9,
    "regions": [
        {
            "region_id": 1,
            "label": "PageHeader",
            "position": 0,
            "original_bbox": [
                711.1941484808922,
                174.09000992774963,
                1459.682348549366,
                205.9236466884613
            ],
            "padded_bbox": [
                706,
                169,
                1464,
                210
            ],
            "image_size": [
                41,
                758
            ],
            "ocr_text": "Excavations at Kalibangan - The Harappans (1960-69)"
        },
        {
            "region_id": 2,
            "label": "Text",
            "position": 1,
            "original_bbox": [
                148.51822963356972,
                274.9798357486725,
                797.6955815255642,
                641.0968780517578
            ],
            "padded_bbox": [
                143,
                269,
                802,
                646
            ],
            "image_size": [
                377,
                659
            ],
            "ocr_text": "In yet another case, a male skeleton bore cut marks near the left knee. The size of the cut incidentally corresponds to that of the blade of an average copper axe of the Harappan period.  Perhaps in the course of a quarrel the person was hit by his adversary with an axe, as a result of which there may have been excessive bleeding and the person succumbed to the injury."
        },
        {
            "region_id": 3,
            "label": "Text",
            "position": 2,
            "original_bbox": [
                148.89937019348145,
                645.3439950942993,
                797.0380956530571,
                899.7008085250854
            ],
            "padded_bbox": [
                143,
                640,
                802,
                904
            ],
            "image_size": [
                264,
                659
            ],
            "ocr_text": "After a study of the skeletons. A.K. Sharma states that the average height of an adult male ranged between 1.55m and 1.75m and of the females between 1.45m and 1.55m. He is also of the view that life-expectancy may not have been more than 55-60 years (cf. Chapter 22)."
        },
        {
            "region_id": 4,
            "label": "Text",
            "position": 3,
            "original_bbox": [
                149.77295024693012,
                940.060830116272,
                794.4142386317253,
                1755.132255077362
            ],
            "padded_bbox": [
                144,
                935,
                799,
                1760
            ],
            "image_size": [
                825,
                655
            ],
            "ocr_text": "Like any other Harappan site, Kalibangan too yielded a rich harvest of pottery and antiquities. As regards the pottery, it may be stated that since the site was re-occupied hardly within a century of its abandonment by the Early Harappans, the lower levels of KLB-2 contained a mix-up of Early Harappan and Mature Harappan pottery. The former. however, petered out as time passed and only the latter continued.  This latter was very profuse and showed a rich variety of painted designs (Chapter 8). The antiquities included, as usual. seals, sealings, inscribed pottery, copper objects, a variety of beads, chert blades and other tools, terracotta figurines and the ubiquitous cakes, etc. All these have been described in the respective chapters. Here we may refer to just a few of them which merit special attention."
        },
        {
            "region_id": 5,
            "label": "Text",
            "position": 4,
            "original_bbox": [
                815.1365048289299,
                279.86016869544983,
                1464.9102324843407,
                859.538197517395
            ],
            "padded_bbox": [
                810,
                274,
                1469,
                864
            ],
            "image_size": [
                590,
                659
            ],
            "ocr_text": "terracotta 'tablets'.  These are thin oblong strips, well-fired. bearing in all cases the same inscription and the horn of a unicorn (Figs. 9.77-9.79). These do not bear any impressions of reed or cord on the reverse, as the normal sealings do. Thus, their purpose seems to have been altogether different. In this context, it may be added that all these came from the Citadel, more importantly from an area lying between the ritualistic platforms on the one hand and the houses to the north which may have been occupied by the priests and other elites. Could these then have some kind of special (religious?) significance?"
        },
        {
            "region_id": 6,
            "label": "Text",
            "position": 5,
            "original_bbox": [
                816.7908462882042,
                901.4485359191895,
                1465.081340789795,
                1458.4504267573357
            ],
            "padded_bbox": [
                811,
                896,
                1470,
                1463
            ],
            "image_size": [
                567,
                659
            ],
            "ocr_text": "Of the inscribed pottery there are at least two examples which deserve special attention. On these the inscriptions were engraved after firing and the noteworthy point is that the signs partially overlap. It has been observed that in all the cases concerned the sign on the right is overridden by the next one on the left. This shows that in each case the sign on the right was inscribed first and then came the one on the left. Such a disposition of the signs conclusively proves that the direction of writing in the Harappan script was from the right to the left (Figs. 9.144 and 9.148)."
        },
        {
            "region_id": 7,
            "label": "Text",
            "position": 7,
            "original_bbox": [
                147.83188211917877,
                1798.477101445198,
                790.6505430936813,
                2092.356072306633
            ],
            "padded_bbox": [
                142,
                1793,
                795,
                2097
            ],
            "image_size": [
                304,
                653
            ],
            "ocr_text": "Amongst the seals there is one which is cylindrical in shape and is engraved with an interesting scene (Fig. 9.51). At least shape-wise, though not subject-wise, it reminds us that it is unusual in a Harappan assemblage and shows West Asian contacts. Also noteworthy is the occurrence of seven"
        },
        {
            "region_id": 8,
            "label": "Text",
            "position": 9,
            "original_bbox": [
                812.8257082700729,
                1498.209974527359,
                1459.9742045402527,
                2089.248545408249
            ],
            "padded_bbox": [
                807,
                1493,
                1464,
                2094
            ],
            "image_size": [
                601,
                657
            ],
            "ocr_text": "Amongst the other objects. particularly noteworthy is a terracotta example of the linga-cum-yoni (Fig. 21.75). Although stone examples, separately of the linga and yoni, had been found at Mohenjo- daro. this is an example wherein the two go together. Two bulls, one in terracotta (Fig. 21.16) and the other in bronze (Fig. 12.15) are very good examples of Harappan art. Special attention also needs to be drawn to a terracotta kernos, with seven lamps set on the hollow ring (Fig. 21.76) - a type which, like the cylinder seal referred to earlier, is extraneous to the usual Harappan repertoire and points towards West Asian contacts."
        },
        {
            "region_id": 9,
            "label": "PageFooter",
            "position": 10,
            "original_bbox": [
                779.5681634545326,
                2137.0089526176453,
                820.6878551244736,
                2165.3708217144012
            ],
            "padded_bbox": [
                774,
                2132,
                825,
                2170
            ],
            "image_size": [
                38,
                51
            ],
            "ocr_text": ""
        }
    ]
}