{
    "type": "text",
    "pdf_path": "testing-pdf\\book2 (2).pdf",
    "total_pages": 8,
    "processed_date": "2025-05-23 12:30:07.016813",
    "total_regions": 24,
    "pages": [
        {
            "page_number": 1,
            "processed_date": "2025-05-23 10:52:07.382306",
            "regions": [
                {
                    "region_id": 1,
                    "label": "Text",
                    "position": 0,
                    "original_bbox": [
                        1352.6532644033432,
                        228.00918817520142,
                        1437.9781794548035,
                        256.37519359588623
                    ],
                    "padded_bbox": [
                        1347,
                        223,
                        1442,
                        261
                    ],
                    "image_size": [
                        38,
                        95
                    ],
                    "ocr_text": "Excavations at Kalibangan - The Harappans (1960-69)"
                },
                {
                    "region_id": 3,
                    "label": "Text",
                    "position": 3,
                    "original_bbox": [
                        756.557974666357,
                        2051.4998918771744,
                        791.7534060180187,
                        2078.0969792604446
                    ],
                    "padded_bbox": [
                        751,
                        2046,
                        796,
                        2083
                    ],
                    "image_size": [
                        37,
                        45
                    ],
                    "ocr_text": "VI"
                }
            ]
        },
        {
            "page_number": 2,
            "processed_date": "2025-05-23 10:57:34.002740",
            "regions": [
                {
                    "region_id": 1,
                    "label": "Text",
                    "position": 0,
                    "original_bbox": [
                        323.78175097703934,
                        158.85280966758728,
                        1087.7575378417969,
                        458.2940340042114
                    ],
                    "padded_bbox": [
                        318,
                        153,
                        1092,
                        463
                    ],
                    "image_size": [
                        310,
                        774
                    ],
                    "ocr_text": "INTRODUCTION AND # A SUMMARY OF THE RESULTS & THE OF"
                },
                {
                    "region_id": 2,
                    "label": "Text",
                    "position": 1,
                    "original_bbox": [
                        169.44669865071774,
                        579.5418620109558,
                        812.2516919374466,
                        906.5450191497803
                    ],
                    "padded_bbox": [
                        164,
                        574,
                        817,
                        911
                    ],
                    "image_size": [
                        337,
                        653
                    ],
                    "ocr_text": "Ithough in the earlier report on the given a detailed account of the location of the site and its environment, it may not be out of place here to recall some of it, since we don't expect the readers to remember all that; and perhaps some of them may not have even seen the earlier report.1"
                },
                {
                    "region_id": 3,
                    "label": "Text",
                    "position": 2,
                    "original_bbox": [
                        169.1257240176201,
                        952.671217918396,
                        819.1213520765305,
                        1580.6330521702766
                    ],
                    "padded_bbox": [
                        164,
                        947,
                        824,
                        1585
                    ],
                    "image_size": [
                        638,
                        660
                    ],
                    "ocr_text": "Located on the left bank of the now- dry Ghaggar (ancient Sarasvat\u00ee) river in Hanumangarh District of Rajasthan, Kalibangan (Lat. 290 29' N; Long. 740 08' E) is one of the most important sites excavated on the Indian side of the border after Independence. As would be seen a little later, it has made some very valuable contributions to our knowledge of the Harappan Civilization (also known as the Indus/Indus-Sarasvat\u00ee Civilization). The site is about 6 km south of the nearest railway station, called Pilibangan, which lies between Hanumangarh and Suratgarh. From Delhi, it is a little over 300 km by road in a north-westerly direction (cf. Fig. 1.1)."
                },
                {
                    "region_id": 4,
                    "label": "Text",
                    "position": 3,
                    "original_bbox": [
                        838.0214892625809,
                        581.934928894043,
                        1484.0475840568542,
                        982.100772857666
                    ],
                    "padded_bbox": [
                        833,
                        576,
                        1489,
                        987
                    ],
                    "image_size": [
                        411,
                        656
                    ],
                    "ocr_text": "recent environmental change has come up because of the canal that has been laid out in the dry bed of the Ghaggar (Sarasvati). Likewise, one can well imagine that during the Harappan times when the mighty Sarasvat\u00ee itself was flowing past the site the environment must have been no less green. Indeed, the discovery of a ploughed field with criss-cross furrow marks, ascribable to the Early Harappan times,2 fully endorses such a view."
                },
                {
                    "region_id": 5,
                    "label": "Text",
                    "position": 4,
                    "original_bbox": [
                        835.3909308314323,
                        1027.4876117706299,
                        1488.996273458004,
                        1945.5663760900497
                    ],
                    "padded_bbox": [
                        830,
                        1022,
                        1493,
                        1950
                    ],
                    "image_size": [
                        928,
                        663
                    ],
                    "ocr_text": "The ancient site consists of three mounds (Fig. 4.1). Of these, the one in the middle (called KLB-2) is the largest, though it has been badly eroded on the southern side. It measures approximately 240m east-west and seems to have been not less than 360m north-south. That on the west (called KLB-1) measures roughly 240m north-south and 120m east-west. As would have been observed, the longer axis in both the cases is north-south, i.e. almost at right angles to the adjacent river, which is somewhat unusual, since normally habitations stretch along the river. Anyway, both the mounds rise to a height of approximately 10m above the surrounding plains. The third mound, named KLB-3, is a bit away to the east of KLB-2 and is very much smaller in area, approximately 70m x 50m, and only 2.5m in height. The reason for this small size of the last-named mound lies in the fact that it was not a residential complex but was used only for a limited (ritualistic) purpose."
                },
                {
                    "region_id": 6,
                    "label": "Text",
                    "position": 6,
                    "original_bbox": [
                        165.92398296296597,
                        1624.722622036934,
                        814.3448869585991,
                        1953.2283030748367
                    ],
                    "padded_bbox": [
                        160,
                        1619,
                        819,
                        1958
                    ],
                    "image_size": [
                        339,
                        659
                    ],
                    "ocr_text": "As one moves in this area, one sees during the winter season luscious fields of wheat interspersed with those of mustard, the latter welcoming the visitor by waving their lovely yellow flowers. But all this is a recent development. In the 1950s when we were exploring the area we were greeted by nothing but sand, often swirling up in the air and blinding us. The"
                }
            ]
        },
        {
            "page_number": 3,
            "processed_date": "2025-05-23 11:03:14.161240",
            "regions": [
                {
                    "region_id": 1,
                    "label": "Text",
                    "position": 0,
                    "original_bbox": [
                        716.8849967122078,
                        188.0208671092987,
                        1463.9676151871681,
                        220.11396288871765
                    ],
                    "padded_bbox": [
                        711,
                        183,
                        1468,
                        225
                    ],
                    "image_size": [
                        42,
                        757
                    ],
                    "ocr_text": "Excavations at Kalibangan - The Harappans (1960-69)"
                },
                {
                    "region_id": 3,
                    "label": "Caption",
                    "position": 3,
                    "original_bbox": [
                        766.3834978938103,
                        2048.7808059453964,
                        854.7444943785667,
                        2073.824194550514
                    ],
                    "padded_bbox": [
                        761,
                        2043,
                        859,
                        2078
                    ],
                    "image_size": [
                        35,
                        98
                    ],
                    "ocr_text": "P \u0aa8\u0ac7 \u0a9c \ufee1 . . ."
                },
                {
                    "region_id": 4,
                    "label": "Text",
                    "position": 4,
                    "original_bbox": [
                        795.8670885264874,
                        2128.6724667549133,
                        829.9307468533516,
                        2157.438398838043
                    ],
                    "padded_bbox": [
                        790,
                        2123,
                        834,
                        2162
                    ],
                    "image_size": [
                        39,
                        44
                    ],
                    "ocr_text": ""
                }
            ]
        },
        {
            "page_number": 4,
            "processed_date": "2025-05-23 11:10:41.995132",
            "regions": [
                {
                    "region_id": 2,
                    "label": "Text",
                    "position": 1,
                    "original_bbox": [
                        148.51822963356972,
                        274.9798357486725,
                        797.6955815255642,
                        641.0968780517578
                    ],
                    "padded_bbox": [
                        143,
                        269,
                        802,
                        646
                    ],
                    "image_size": [
                        377,
                        659
                    ],
                    "ocr_text": "In yet another case, a male skeleton bore cut marks near the left knee. The size of the cut incidentally corresponds to that of the blade of an average copper axe of the Harappan period.  Perhaps in the course of a quarrel the person was hit by his adversary with an axe, as a result of which there may have been excessive bleeding and the person succumbed to the injury."
                },
                {
                    "region_id": 3,
                    "label": "Text",
                    "position": 2,
                    "original_bbox": [
                        148.89937019348145,
                        645.3439950942993,
                        797.0380956530571,
                        899.7008085250854
                    ],
                    "padded_bbox": [
                        143,
                        640,
                        802,
                        904
                    ],
                    "image_size": [
                        264,
                        659
                    ],
                    "ocr_text": "After a study of the skeletons. A.K. Sharma states that the average height of an adult male ranged between 1.55m and 1.75m and of the females between 1.45m and 1.55m. He is also of the view that life-expectancy may not have been more than 55-60 years (cf. Chapter 22)."
                },
                {
                    "region_id": 4,
                    "label": "Text",
                    "position": 3,
                    "original_bbox": [
                        149.77295024693012,
                        940.060830116272,
                        794.4142386317253,
                        1755.132255077362
                    ],
                    "padded_bbox": [
                        144,
                        935,
                        799,
                        1760
                    ],
                    "image_size": [
                        825,
                        655
                    ],
                    "ocr_text": "Like any other Harappan site, Kalibangan too yielded a rich harvest of pottery and antiquities. As regards the pottery, it may be stated that since the site was re-occupied hardly within a century of its abandonment by the Early Harappans, the lower levels of KLB-2 contained a mix-up of Early Harappan and Mature Harappan pottery. The former. however, petered out as time passed and only the latter continued.  This latter was very profuse and showed a rich variety of painted designs (Chapter 8). The antiquities included, as usual. seals, sealings, inscribed pottery, copper objects, a variety of beads, chert blades and other tools, terracotta figurines and the ubiquitous cakes, etc. All these have been described in the respective chapters. Here we may refer to just a few of them which merit special attention."
                },
                {
                    "region_id": 5,
                    "label": "Text",
                    "position": 4,
                    "original_bbox": [
                        815.1365048289299,
                        279.86016869544983,
                        1464.9102324843407,
                        859.538197517395
                    ],
                    "padded_bbox": [
                        810,
                        274,
                        1469,
                        864
                    ],
                    "image_size": [
                        590,
                        659
                    ],
                    "ocr_text": "terracotta 'tablets'.  These are thin oblong strips, well-fired. bearing in all cases the same inscription and the horn of a unicorn (Figs. 9.77-9.79). These do not bear any impressions of reed or cord on the reverse, as the normal sealings do. Thus, their purpose seems to have been altogether different. In this context, it may be added that all these came from the Citadel, more importantly from an area lying between the ritualistic platforms on the one hand and the houses to the north which may have been occupied by the priests and other elites. Could these then have some kind of special (religious?) significance?"
                },
                {
                    "region_id": 6,
                    "label": "Text",
                    "position": 5,
                    "original_bbox": [
                        816.7908462882042,
                        901.4485359191895,
                        1465.081340789795,
                        1458.4504267573357
                    ],
                    "padded_bbox": [
                        811,
                        896,
                        1470,
                        1463
                    ],
                    "image_size": [
                        567,
                        659
                    ],
                    "ocr_text": "Of the inscribed pottery there are at least two examples which deserve special attention. On these the inscriptions were engraved after firing and the noteworthy point is that the signs partially overlap. It has been observed that in all the cases concerned the sign on the right is overridden by the next one on the left. This shows that in each case the sign on the right was inscribed first and then came the one on the left. Such a disposition of the signs conclusively proves that the direction of writing in the Harappan script was from the right to the left (Figs. 9.144 and 9.148)."
                },
                {
                    "region_id": 7,
                    "label": "Text",
                    "position": 7,
                    "original_bbox": [
                        147.83188211917877,
                        1798.477101445198,
                        790.6505430936813,
                        2092.356072306633
                    ],
                    "padded_bbox": [
                        142,
                        1793,
                        795,
                        2097
                    ],
                    "image_size": [
                        304,
                        653
                    ],
                    "ocr_text": "Amongst the seals there is one which is cylindrical in shape and is engraved with an interesting scene (Fig. 9.51). At least shape-wise, though not subject-wise, it reminds us that it is unusual in a Harappan assemblage and shows West Asian contacts. Also noteworthy is the occurrence of seven"
                },
                {
                    "region_id": 8,
                    "label": "Text",
                    "position": 9,
                    "original_bbox": [
                        812.8257082700729,
                        1498.209974527359,
                        1459.9742045402527,
                        2089.248545408249
                    ],
                    "padded_bbox": [
                        807,
                        1493,
                        1464,
                        2094
                    ],
                    "image_size": [
                        601,
                        657
                    ],
                    "ocr_text": "Amongst the other objects. particularly noteworthy is a terracotta example of the linga-cum-yoni (Fig. 21.75). Although stone examples, separately of the linga and yoni, had been found at Mohenjo- daro. this is an example wherein the two go together. Two bulls, one in terracotta (Fig. 21.16) and the other in bronze (Fig. 12.15) are very good examples of Harappan art. Special attention also needs to be drawn to a terracotta kernos, with seven lamps set on the hollow ring (Fig. 21.76) - a type which, like the cylinder seal referred to earlier, is extraneous to the usual Harappan repertoire and points towards West Asian contacts."
                }
            ]
        },
        {
            "page_number": 5,
            "processed_date": "2025-05-23 11:15:31.139421",
            "regions": [
                {
                    "region_id": 1,
                    "label": "Text",
                    "position": 0,
                    "original_bbox": [
                        164.95243138074875,
                        193.26269030570984,
                        1462.0612742900848,
                        227.41547226905823
                    ],
                    "padded_bbox": [
                        159,
                        188,
                        1467,
                        232
                    ],
                    "image_size": [
                        44,
                        1308
                    ],
                    "ocr_text": "Some Thoughts on The Now-Dry River on whose Bank Stands the Site of Kalibangan"
                },
                {
                    "region_id": 3,
                    "label": "Caption",
                    "position": 3,
                    "original_bbox": [
                        274.8935425579548,
                        1911.5809417963028,
                        1375.4042927026749,
                        1977.9205409288406
                    ],
                    "padded_bbox": [
                        269,
                        1906,
                        1380,
                        1982
                    ],
                    "image_size": [
                        76,
                        1111
                    ],
                    "ocr_text": "Fig. 2.6  Map showing a correlation between the Riquedic area and the spread of the Harappan civilization, in the 3rd millennium BCE"
                }
            ]
        },
        {
            "page_number": 6,
            "processed_date": "2025-05-23 11:29:59.381421",
            "regions": [
                {
                    "region_id": 2,
                    "label": "Text",
                    "position": 1,
                    "original_bbox": [
                        151.27962309122086,
                        262.1727705001831,
                        1468.007769048214,
                        336.2520933151245
                    ],
                    "padded_bbox": [
                        146,
                        257,
                        1473,
                        341
                    ],
                    "image_size": [
                        84,
                        1327
                    ],
                    "ocr_text": "In the Table that follows all the dates are given, mentioning the level to which thev belong."
                }
            ]
        },
        {
            "page_number": 7,
            "processed_date": "2025-05-23 11:36:01.841521",
            "regions": [
                {
                    "region_id": 1,
                    "label": "Text",
                    "position": 0,
                    "original_bbox": [
                        83.09533725678921,
                        624.402379989624,
                        193.12964910268784,
                        1189.722490310669
                    ],
                    "padded_bbox": [
                        78,
                        619,
                        198,
                        1194
                    ],
                    "image_size": [
                        575,
                        120
                    ],
                    "ocr_text": "1 F F 6 C 1 1 C I 1 \u0153 - ( L 1"
                },
                {
                    "region_id": 3,
                    "label": "Text",
                    "position": 2,
                    "original_bbox": [
                        97.38386549055576,
                        68.53177696466446,
                        560.1843472123146,
                        104.84082698822021
                    ],
                    "padded_bbox": [
                        92,
                        63,
                        565,
                        109
                    ],
                    "image_size": [
                        46,
                        473
                    ],
                    "ocr_text": "KLB-1 Stratigraphy and Structures"
                }
            ]
        },
        {
            "page_number": 8,
            "processed_date": "2025-05-23 11:44:23.366311",
            "regions": [
                {
                    "region_id": 3,
                    "label": "Text",
                    "position": 3,
                    "original_bbox": [
                        217.75868904590607,
                        2042.559978723526,
                        1425.1004732251167,
                        2106.733467102051
                    ],
                    "padded_bbox": [
                        212,
                        2037,
                        1430,
                        2111
                    ],
                    "image_size": [
                        74,
                        1218
                    ],
                    "ocr_text": "Fig. 5.8 KLB1 Tunnel section below the Harappan (Period II) fortification wall on the north showing two successive phases of the early Harappan (Period I) fortification wall, looking north-west"
                }
            ]
        }
    ]
}